{"num_notes": 1926195.0, "used_pitch": 42, "pitch_class_histogram": [0.09371325333104903, 0.015543597610833794, 0.1853784274177848, 0.10201459353803742, 0.0, 0.04538481306409787, 0.04424785652542967, 0.22291356794094055, 0.07634741030892511, 0.049379735696541624, 0.1286629858347675, 0.036413758731592596], "pitch_class_transition_matrix": [[0.012484394506866416, 0.0024968789013732834, 0.019975031210986267, 0.012484394506866416, 0.0, 0.0024968789013732834, 0.016229712858926344, 0.019975031210986267, 0.0, 0.012484394506866416, 0.02122347066167291, 0.0], [0.0, 0.0, 0.00749063670411985, 0.0, 0.0, 0.0, 0.0012484394506866417, 0.0024968789013732834, 0.0, 0.0, 0.0012484394506866417, 0.0], [0.03245942571785269, 0.004993757802746567, 0.0449438202247191, 0.00749063670411985, 0.0, 0.00749063670411985, 0.02871410736579276, 0.03245942571785269, 0.0012484394506866417, 0.02122347066167291, 0.019975031210986267, 0.003745318352059925], [0.003745318352059925, 0.0012484394506866417, 0.024968789013732832, 0.008739076154806492, 0.0, 0.004993757802746567, 0.0, 0.0149812734082397, 0.004993757802746567, 0.003745318352059925, 0.00749063670411985, 0.0], [0.0, 0.0, 0.0, 0.0, 0.0, 0.0, 0.0, 0.0, 0.0, 0.0, 0.0, 0.0], [0.0012484394506866417, 0.0, 0.006242197253433208, 0.02247191011235955, 0.0, 0.0, 0.0, 0.012484394506866416, 0.0024968789013732834, 0.0024968789013732834, 0.0, 0.00749063670411985], [0.003745318352059925, 0.0012484394506866417, 0.016229712858926344, 0.0, 0.0, 0.0, 0.0012484394506866417, 0.02871410736579276, 0.0, 0.008739076154806492, 0.011235955056179775, 0.0], [0.0149812734082397, 0.0, 0.04244694132334582, 0.008739076154806492, 0.0, 0.02122347066167291, 0.009987515605493134, 0.02746566791510612, 0.004993757802746567, 0.004993757802746567, 0.0299625468164794, 0.00749063670411985], [0.0012484394506866417, 0.0, 0.0012484394506866417, 0.004993757802746567, 0.0, 0.003745318352059925, 0.0, 0.016229712858926344, 0.0024968789013732834, 0.0024968789013732834, 0.0024968789013732834, 0.0], [0.016229712858926344, 0.0024968789013732834, 0.02247191011235955, 0.003745318352059925, 0.0, 0.0, 0.011235955056179775, 0.0149812734082397, 0.0012484394506866417, 0.00749063670411985, 0.01373283395755306, 0.0], [0.017478152309612985, 0.0024968789013732834, 0.03245942571785269, 0.004993757802746567, 0.0, 0.0012484394506866417, 0.0024968789013732834, 0.008739076154806492, 0.017478152309612985, 0.024968789013732832, 0.02746566791510612, 0.0012484394506866417], [0.012484394506866416, 0.0, 0.0, 0.00749063670411985, 0.0, 0.0, 0.0, 0.0, 0.0, 0.0, 0.0, 0.0]], "avg_ioi": 0.17526455026455026}