{"num_notes": 22818030.0, "used_pitch": 59, "pitch_class_histogram": [0.09719353511236509, 0.03292593620045201, 0.17045270779291638, 0.036014283441646804, 0.08738747385291368, 0.06914269110874163, 0.07440234761721323, 0.12927080032763566, 0.017741890952023467, 0.11997551935903318, 0.0342886743509409, 0.13120413988411794], "pitch_class_transition_matrix": [[0.009394904458598726, 0.0009554140127388535, 0.01592356687898089, 0.004140127388535032, 0.005414012738853503, 0.008439490445859872, 0.006528662420382166, 0.014968152866242038, 0.0003184713375796178, 0.009713375796178344, 0.00589171974522293, 0.017993630573248407], [0.0003184713375796178, 0.003821656050955414, 0.009235668789808917, 0.0012738853503184713, 0.0030254777070063696, 0.0011146496815286624, 0.0035031847133757963, 0.0028662420382165603, 0.0, 0.005573248407643312, 0.00047770700636942675, 0.0046178343949044584], [0.016560509554140127, 0.0030254777070063696, 0.03264331210191083, 0.001910828025477707, 0.01624203821656051, 0.0027070063694267514, 0.009076433121019108, 0.025636942675159237, 0.0007961783439490446, 0.012898089171974523, 0.00589171974522293, 0.01337579617834395], [0.0009554140127388535, 0.0022292993630573248, 0.006369426751592357, 0.0012738853503184713, 0.006050955414012739, 0.0009554140127388535, 0.0017515923566878981, 0.006210191082802548, 0.0011146496815286624, 0.0023885350318471337, 0.0017515923566878981, 0.0046178343949044584], [0.004936305732484076, 0.0012738853503184713, 0.014490445859872612, 0.003821656050955414, 0.009713375796178344, 0.006687898089171975, 0.013057324840764332, 0.00589171974522293, 0.0025477707006369425, 0.01337579617834395, 0.0006369426751592356, 0.015127388535031847], [0.007165605095541401, 0.0011146496815286624, 0.003980891719745223, 0.0035031847133757963, 0.007643312101910828, 0.003980891719745223, 0.0015923566878980893, 0.011464968152866241, 0.0003184713375796178, 0.006528662420382166, 0.004140127388535032, 0.0009554140127388535], [0.004140127388535032, 0.0033439490445859874, 0.010668789808917197, 0.001910828025477707, 0.020859872611464967, 0.0003184713375796178, 0.006369426751592357, 0.02038216560509554, 0.006050955414012739, 0.006369426751592357, 0.0031847133757961785, 0.025], [0.013535031847133758, 0.0012738853503184713, 0.020859872611464967, 0.0033439490445859874, 0.006050955414012739, 0.008280254777070064, 0.013057324840764332, 0.013535031847133758, 0.0006369426751592356, 0.017834394904458598, 0.004299363057324841, 0.013057324840764332], [0.0027070063694267514, 0.0009554140127388535, 0.0001592356687898089, 0.0011146496815286624, 0.0028662420382165603, 0.00047770700636942675, 0.005095541401273885, 0.0027070063694267514, 0.0025477707006369425, 0.004299363057324841, 0.0003184713375796178, 0.0028662420382165603], [0.009076433121019108, 0.004299363057324841, 0.01878980891719745, 0.001910828025477707, 0.009713375796178344, 0.004936305732484076, 0.008121019108280255, 0.02038216560509554, 0.0014331210191082802, 0.014331210191082803, 0.006210191082802548, 0.013694267515923567], [0.0044585987261146496, 0.0011146496815286624, 0.007165605095541401, 0.0015923566878980893, 0.0015923566878980893, 0.0006369426751592356, 0.0014331210191082802, 0.0027070063694267514, 0.0022292993630573248, 0.007165605095541401, 0.005095541401273885, 0.0012738853503184713], [0.0160828025477707, 0.004299363057324841, 0.012579617834394905, 0.0070063694267515925, 0.02165605095541401, 0.0, 0.012261146496815287, 0.010668789808917197, 0.004299363057324841, 0.01624203821656051, 0.00047770700636942675, 0.038694267515923565]], "avg_ioi": 0.19568855167284843}