{"num_notes": 25251915.0, "used_pitch": 70, "pitch_class_histogram": [0.11260195513884788, 0.029569440575100938, 0.1522678577050493, 0.02509176036748104, 0.10153784376353239, 0.06767011531600672, 0.07059801207155972, 0.1465694779980053, 0.017616683724778894, 0.11895018655020817, 0.032802660709098694, 0.12472400608033093], "pitch_class_transition_matrix": [[0.01266871892019891, 0.002249585602652143, 0.017049490883258345, 0.002604783329386692, 0.004143973478569737, 0.008169547714894625, 0.002959981056121241, 0.011366327255505565, 0.0024863840871418423, 0.010892730286526165, 0.004617570447549135, 0.009353540137343122], [0.002249585602652143, 0.004143973478569737, 0.005327965901018234, 0.0017759886336727445, 0.003551977267345489, 0.0007103954534690978, 0.004262372720814586, 0.0030783802983660904, 0.0011839924224484964, 0.006867156050201279, 0.0010655931802036466, 0.0050911674165285345], [0.014918304522851054, 0.003907174994080038, 0.03279659010182335, 0.004499171205304286, 0.011247928013260714, 0.005209566658773384, 0.010655931802036467, 0.024745441629173574, 0.00319677954061094, 0.017878285578972294, 0.004025574236324887, 0.01610229694529955], [0.0023679848448969927, 0.000947193937958797, 0.00651195832346673, 0.004025574236324887, 0.0028415818138763913, 0.0017759886336727445, 0.004499171205304286, 0.0049727681742836845, 0.001302391664693346, 0.0023679848448969927, 0.0014207909069381957, 0.00651195832346673], [0.006748756807956429, 0.004262372720814586, 0.01882547951693109, 0.004262372720814586, 0.012550319677954062, 0.0050911674165285345, 0.010774331044281316, 0.012313521193464362, 0.0023679848448969927, 0.016812692398768647, 0.002131186360407293, 0.010655931802036467], [0.005801562869997632, 0.0010655931802036466, 0.005683163627752783, 0.0014207909069381957, 0.004380771963059436, 0.006038361354487331, 0.002604783329386692, 0.006275159838977031, 0.002249585602652143, 0.0049727681742836845, 0.0034335780251006395, 0.002604783329386692], [0.003788775751835188, 0.004499171205304286, 0.01243192043570921, 0.006038361354487331, 0.00959033862183282, 0.0014207909069381957, 0.010774331044281316, 0.0162206961875444, 0.002604783329386692, 0.010063935590812218, 0.001302391664693346, 0.013260715131423158], [0.012076722708974662, 0.00319677954061094, 0.017641487094482596, 0.004143973478569737, 0.010419133317546767, 0.007222353776935827, 0.011484726497750414, 0.02296945299550083, 0.001894387875917594, 0.023561449206725076, 0.007340753019180677, 0.012195121951219513], [0.0020127871181624436, 0.0005919962112242482, 0.0024863840871418423, 0.0007103954534690978, 0.0016575893914278948, 0.0007103954534690978, 0.000947193937958797, 0.0033151787828557895, 0.0028415818138763913, 0.002131186360407293, 0.0005919962112242482, 0.002131186360407293], [0.009353540137343122, 0.005446365143263083, 0.020719867392848687, 0.0034335780251006395, 0.010063935590812218, 0.004143973478569737, 0.011366327255505565, 0.020127871181624436, 0.0030783802983660904, 0.02214065829978688, 0.005564764385507933, 0.010655931802036467], [0.005209566658773384, 0.0008287946957139474, 0.004499171205304286, 0.001894387875917594, 0.0015391901491830452, 0.0028415818138763913, 0.0008287946957139474, 0.006748756807956429, 0.0003551977267345489, 0.0049727681742836845, 0.002959981056121241, 0.0016575893914278948], [0.011484726497750414, 0.004735969689793985, 0.01657589391427895, 0.004499171205304286, 0.010182334833057069, 0.001302391664693346, 0.013260715131423158, 0.0159838977030547, 0.0033151787828557895, 0.013379114373668009, 0.003907174994080038, 0.024745441629173574]], "avg_ioi": 0.17549892332683378}